trait_order,trait,pathway_order,pathway
1,Hanging & Pulling Above the Bar,1,Passive / Active Hang
1,Hanging & Pulling Above the Bar,2,Vertical Pull
1,Hanging & Pulling Above the Bar,3,Horizontal Pull
1,Hanging & Pulling Above the Bar,4,Pull-to-Press Transition
2,Lever & Straight-Arm Body Control,1,Front Lever Line
2,Lever & Straight-Arm Body Control,2,Planche Line
2,Lever & Straight-Arm Body Control,3,Side Lever Line
3,Pressing Strength,1,Horizontal Press
3,Pressing Strength,2,Dip Press
3,Pressing Strength,3,Vertical Press
3,Pressing Strength,4,Bent-Arm to Straight-Arm Press
4,Hand Balancing & Inversion,1,Bent-Arm Balances
4,Hand Balancing & Inversion,2,Static Inversion
4,Hand Balancing & Inversion,3,Shaped Handstands
4,Hand Balancing & Inversion,4,Press Entries
5,Loaded Lower Body Strength,1,Bilateral Squat
5,Loaded Lower Body Strength,2,Single-Leg Squat
5,Loaded Lower Body Strength,3,Lateral / Mobility Squat
5,Loaded Lower Body Strength,4,Hip Hinge
5,Loaded Lower Body Strength,5,Posterior Chain (knee)
5,Loaded Lower Body Strength,6,Anterior Chain (knee)
6,Bounciness & Elastic Power,1,Vertical Jump
6,Bounciness & Elastic Power,2,Horizontal Jump
6,Bounciness & Elastic Power,3,Rotational / Kick Power
6,Bounciness & Elastic Power,4,Hand-Reactive Spring
7,Foundational Resting Positions,1,Squat Position
7,Foundational Resting Positions,2,Stance Positions
7,Foundational Resting Positions,3,Hip Opening (sagittal)
7,Foundational Resting Positions,4,Hip Opening (frontal)
7,Foundational Resting Positions,5,Spinal Extension
8,Spinal & Hip Articulation,1,Spinal Waves
8,Spinal & Hip Articulation,2,Bridge Articulation
8,Spinal & Hip Articulation,3,Hip Articulation
8,Spinal & Hip Articulation,4,Rotational Articulation
9,Inverted & Rotational Locomotion,1,Rolls
9,Inverted & Rotational Locomotion,2,Cartwheel Family
9,Inverted & Rotational Locomotion,3,Flips & Handsprings
9,Inverted & Rotational Locomotion,4,Capoeira Inversions
10,Ground Locomotion,1,Quadrupedal Forward
10,Ground Locomotion,2,Lateral / Multi-directional
10,Ground Locomotion,3,Rolling Locomotion
11,Hand-Eye Coordination & Object Manipulation,1,Juggling
11,Hand-Eye Coordination & Object Manipulation,2,Object Manipulation
11,Hand-Eye Coordination & Object Manipulation,3,Reactive Catching
11,Hand-Eye Coordination & Object Manipulation,4,Foot-Eye Cross
12,"Rhythm, Flow & Expression",1,Rhythmic Foundations
12,"Rhythm, Flow & Expression",2,Floor Flow
12,"Rhythm, Flow & Expression",3,Dance / Musical Movement

name,trait,pathway,level,is_anchor,class_types,regresses_from,progresses_to,equipment,notes,video_url
Dead Hang,Hanging & Pulling Above the Bar,Passive / Active Hang,1,FALSE,"Upper, Full",,Active Hang,Pull-up bar,Build grip endurance. Aim for 30-60s holds.,
Active Hang,Hanging & Pulling Above the Bar,Passive / Active Hang,2,FALSE,"Upper, Full",Dead Hang,Scap Pull,Pull-up bar,Engage shoulder blades down and back.,
Scap Pull,Hanging & Pulling Above the Bar,Passive / Active Hang,3,FALSE,"Upper, Full",Active Hang,One-Arm Hang,Pull-up bar,Isolates scap retraction without bending elbows.,
One-Arm Hang,Hanging & Pulling Above the Bar,Passive / Active Hang,7,FALSE,"Upper, Full",Scap Pull,One-Arm Active Hang,Pull-up bar,Requires significant grip and shoulder strength.,
One-Arm Active Hang,Hanging & Pulling Above the Bar,Passive / Active Hang,9,FALSE,Upper,One-Arm Hang,,Pull-up bar,Advanced - prerequisite for one-arm pull-up work.,
Jumping Pull Up,Hanging & Pulling Above the Bar,Vertical Pull,2,FALSE,"Upper, Full",,Chin Up,Pull-up bar,Use legs to assist; focus on slow eccentric.,
Chin Up,Hanging & Pulling Above the Bar,Vertical Pull,3,FALSE,"Upper, Full",Jumping Pull Up,Pull Up,Pull-up bar,Supinated grip. Often achievable before pull-up.,
Pull Up,Hanging & Pulling Above the Bar,Vertical Pull,4,FALSE,"Upper, Full",Chin Up,Weighted Pull Up,Pull-up bar,Pronated grip. Chest to bar for full range.,
Weighted Pull Up,Hanging & Pulling Above the Bar,Vertical Pull,6,FALSE,Upper,Pull Up,Archer Pull Up,"Pull-up bar, dip belt",Add 10-25% bodyweight to start.,
Archer Pull Up,Hanging & Pulling Above the Bar,Vertical Pull,8,FALSE,Upper,Weighted Pull Up,One-Arm Chin Up,Pull-up bar,One arm pulls while other assists at extension.,
One-Arm Chin Up,Hanging & Pulling Above the Bar,Vertical Pull,10,FALSE,Upper,Archer Pull Up,,Pull-up bar,Elite benchmark. Years of dedicated work.,
Inverted Row (high),Hanging & Pulling Above the Bar,Horizontal Pull,1,FALSE,"Upper, Full",,Ring Row,"Bar or rings, set high",Easiest horizontal pull - body nearly vertical.,
Ring Row,Hanging & Pulling Above the Bar,Horizontal Pull,2,FALSE,"Upper, Full",Inverted Row (high),Archer Row,Rings,Adjust difficulty by foot position.,
Archer Row,Hanging & Pulling Above the Bar,Horizontal Pull,5,FALSE,Upper,Ring Row,One-Arm Row,Rings,Shift weight to one arm at top.,
One-Arm Row,Hanging & Pulling Above the Bar,Horizontal Pull,7,FALSE,Upper,Archer Row,Front Lever Row,Rings,Full one-arm horizontal pull.,
Front Lever Row,Hanging & Pulling Above the Bar,Horizontal Pull,9,FALSE,Upper,One-Arm Row,,Rings,Row while maintaining front lever position.,
Bar Pull-Over,Hanging & Pulling Above the Bar,Pull-to-Press Transition,4,FALSE,Upper,,High Pull Up,Pull-up bar,Pull body up and over the bar.,
High Pull Up,Hanging & Pulling Above the Bar,Pull-to-Press Transition,5,FALSE,Upper,Bar Pull-Over,Muscle Up,Pull-up bar,Pull as high as possible - sternum or higher.,
Muscle Up,Hanging & Pulling Above the Bar,Pull-to-Press Transition,7,TRUE,"Upper, Full",High Pull Up,Ring Muscle Up,Pull-up bar,Anchor exercise. Pull-to-dip transition.,
Ring Muscle Up,Hanging & Pulling Above the Bar,Pull-to-Press Transition,9,FALSE,Upper,Muscle Up,,Rings,Harder transition due to ring instability.,
Tuck Lever,Lever & Straight-Arm Body Control,Front Lever Line,4,FALSE,Upper,,Adv Tuck Lever,Pull-up bar or rings,Knees to chest while horizontal.,
Adv Tuck Lever,Lever & Straight-Arm Body Control,Front Lever Line,6,FALSE,Upper,Tuck Lever,Single-Leg Lever,Pull-up bar or rings,Open hip angle while maintaining tucked knees.,
Single-Leg Lever,Lever & Straight-Arm Body Control,Front Lever Line,7,FALSE,Upper,Adv Tuck Lever,Straddle Front Lever,Pull-up bar or rings,One leg extended one tucked.,
Straddle Front Lever,Lever & Straight-Arm Body Control,Front Lever Line,8,FALSE,Upper,Single-Leg Lever,Full Front Lever,Pull-up bar or rings,Both legs extended in straddle.,
Full Front Lever,Lever & Straight-Arm Body Control,Front Lever Line,10,FALSE,Upper,Straddle Front Lever,,Pull-up bar or rings,Elite straight-arm pulling strength benchmark.,
Frog Stand,Lever & Straight-Arm Body Control,Planche Line,3,FALSE,"Upper, Full",,Tuck Planche,Floor,Knees rest on elbows. Foundation for planche.,
Tuck Planche,Lever & Straight-Arm Body Control,Planche Line,5,FALSE,Upper,Frog Stand,Adv Tuck Planche,Floor or parallettes,Knees off elbows fully tucked.,
Adv Tuck Planche,Lever & Straight-Arm Body Control,Planche Line,7,FALSE,Upper,Tuck Planche,Straddle Planche,Floor or parallettes,Hips open while knees tucked.,
Straddle Planche,Lever & Straight-Arm Body Control,Planche Line,9,FALSE,Upper,Adv Tuck Planche,Full Planche,Floor or parallettes,Legs straight in straddle.,
Full Planche,Lever & Straight-Arm Body Control,Planche Line,10,FALSE,Upper,Straddle Planche,,Floor or parallettes,Elite pressing/lever benchmark.,
Side Plank,Lever & Straight-Arm Body Control,Side Lever Line,1,FALSE,"Upper, Full",,Clutch Flag,Floor,Foundation for side lever work.,
Clutch Flag,Lever & Straight-Arm Body Control,Side Lever Line,4,FALSE,Upper,Side Plank,Tuck Flag,Vertical pole,Holds body horizontal with bent arms.,
Tuck Flag,Lever & Straight-Arm Body Control,Side Lever Line,6,FALSE,Upper,Clutch Flag,Straddle Flag,Vertical pole,Straight arms with knees tucked.,
Straddle Flag,Lever & Straight-Arm Body Control,Side Lever Line,8,FALSE,Upper,Tuck Flag,Human Flag,Vertical pole,Straight arms straddled legs.,
Human Flag,Lever & Straight-Arm Body Control,Side Lever Line,9,TRUE,Upper,Straddle Flag,,Vertical pole,Anchor exercise. Full body horizontal hold.,
Incline Push Up,Pressing Strength,Horizontal Press,1,FALSE,"Upper, Full",,Push Up,Bench or wall,Hands elevated to reduce load.,
Push Up,Pressing Strength,Horizontal Press,3,FALSE,"Upper, Full",Incline Push Up,Pseudo Planche Push Up,Floor,Foundational pressing pattern.,
Pseudo Planche Push Up,Pressing Strength,Horizontal Press,5,FALSE,Upper,Push Up,Ring Push Up,Floor or parallettes,Hands at hips lean forward.,
Ring Push Up,Pressing Strength,Horizontal Press,6,FALSE,Upper,Pseudo Planche Push Up,Planche Push Up,Rings,Adds instability demand.,
Planche Push Up,Pressing Strength,Horizontal Press,9,FALSE,Upper,Ring Push Up,,Floor or parallettes,Pressing with feet off ground.,
Bench Dip,Pressing Strength,Dip Press,2,FALSE,"Upper, Full",,Parallel Bar Dip,Bench,Tricep-dominant entry-level dip.,
Parallel Bar Dip,Pressing Strength,Dip Press,4,FALSE,"Upper, Full",Bench Dip,Ring Dip,Parallel bars,Full body weight on parallel bars.,
Ring Dip,Pressing Strength,Dip Press,5,FALSE,Upper,Parallel Bar Dip,Weighted Ring Dip,Rings,Adds shoulder stability demand.,
Weighted Ring Dip,Pressing Strength,Dip Press,7,FALSE,Upper,Ring Dip,Deep Ring Dip,"Rings, dip belt",Add load progressively.,
Deep Ring Dip,Pressing Strength,Dip Press,8,FALSE,Upper,Weighted Ring Dip,,Rings,Full depth chest to rings.,
Pike Push Up,Pressing Strength,Vertical Press,3,FALSE,"Upper, Full",,Wall HSPU (high),Floor,Hips piked - approximates overhead press.,
Wall HSPU (high),Pressing Strength,Vertical Press,5,FALSE,Upper,Pike Push Up,Wall HSPU (full ROM),Wall,Partial range overhead press inverted.,
Wall HSPU (full ROM),Pressing Strength,Vertical Press,6,FALSE,Upper,Wall HSPU (high),Free HSPU,Wall,Head to floor full range.,
Free HSPU,Pressing Strength,Vertical Press,8,FALSE,Upper,Wall HSPU (full ROM),One-Arm HSPU,Floor,Freestanding handstand push-up.,
One-Arm HSPU,Pressing Strength,Vertical Press,10,FALSE,Upper,Free HSPU,,Floor,Elite pressing benchmark.,
Crow to Headstand,Pressing Strength,Bent-Arm to Straight-Arm Press,5,FALSE,Upper,,Headstand Press,Floor or mat,Press from crow to headstand.,
Headstand Press,Pressing Strength,Bent-Arm to Straight-Arm Press,6,FALSE,Upper,Crow to Headstand,Stalder Press (bent),Floor or mat,Lower and press from headstand position.,
Stalder Press (bent),Pressing Strength,Bent-Arm to Straight-Arm Press,8,FALSE,Upper,Headstand Press,Press to Handstand,Floor,Bent-leg straddle press.,
Press to Handstand,Pressing Strength,Bent-Arm to Straight-Arm Press,9,TRUE,Upper,Stalder Press (bent),One-Arm Press,Floor,Anchor exercise. Straight-arm straight-leg press.,
One-Arm Press,Pressing Strength,Bent-Arm to Straight-Arm Press,10,FALSE,Upper,Press to Handstand,,Floor,Elite handstand pressing benchmark.,
Frog Stand,Hand Balancing & Inversion,Bent-Arm Balances,3,FALSE,Upper,,Crow Pose,Floor,Same as planche line frog stand.,
Crow Pose,Hand Balancing & Inversion,Bent-Arm Balances,4,FALSE,Upper,Frog Stand,Croc Pose,Floor,Knees on triceps not elbows.,
Croc Pose,Hand Balancing & Inversion,Bent-Arm Balances,6,FALSE,Upper,Crow Pose,QDR Pose,Floor,Lower body parallel to floor.,
QDR Pose,Hand Balancing & Inversion,Bent-Arm Balances,7,FALSE,Upper,Croc Pose,One-Arm Crow,Floor,Quadruped diagonal reach pose.,
One-Arm Crow,Hand Balancing & Inversion,Bent-Arm Balances,9,FALSE,Upper,QDR Pose,,Floor,One-arm bent-arm balance.,
Headstand,Hand Balancing & Inversion,Static Inversion,3,FALSE,Upper,,Wall Handstand,Floor or mat,Tripod or yoga headstand.,
Shoulder Stand,Hand Balancing & Inversion,Static Inversion,3,FALSE,Upper,,Wall Handstand,Mat,Inverted on shoulders.,
Wall Handstand,Hand Balancing & Inversion,Static Inversion,5,FALSE,Upper,Headstand,Handstand,Wall,Belly to wall or back to wall.,
Handstand,Hand Balancing & Inversion,Static Inversion,7,TRUE,Upper,Wall Handstand,One-Arm Handstand,Floor,"Anchor exercise. Free-standing handstand, foundation for all inversions.",
One-Arm Handstand,Hand Balancing & Inversion,Static Inversion,10,FALSE,Upper,Handstand,,Floor,Elite balance benchmark.,
Tuck Handstand,Hand Balancing & Inversion,Shaped Handstands,6,FALSE,Upper,,Straddle Handstand,Floor,Handstand with knees tucked.,
Straddle Handstand,Hand Balancing & Inversion,Shaped Handstands,7,FALSE,Upper,Tuck Handstand,Split Handstand,Floor,Legs in straddle position.,
Split Handstand,Hand Balancing & Inversion,Shaped Handstands,8,FALSE,Upper,Straddle Handstand,Stalder / Mexican,Floor,Legs in front-back split.,
Stalder / Mexican,Hand Balancing & Inversion,Shaped Handstands,9,FALSE,Upper,Split Handstand,,Floor,Stalder or Mexican (back-arched) handstand.,
Tuck Press,Hand Balancing & Inversion,Press Entries,5,FALSE,Upper,,Straddle Press,Floor,Press from tucked position.,
Straddle Press,Hand Balancing & Inversion,Press Entries,7,FALSE,Upper,Tuck Press,Press to Handstand,Floor,Straddle press to handstand.,
BW Squat,Loaded Lower Body Strength,Bilateral Squat,1,FALSE,"Lower, Full",,Goblet Squat,None,Foundation squat pattern.,
Goblet Squat,Loaded Lower Body Strength,Bilateral Squat,3,FALSE,"Lower, Full",BW Squat,Front / Back Squat,Kettlebell or dumbbell,Held at chest.,
Front / Back Squat,Loaded Lower Body Strength,Bilateral Squat,5,FALSE,"Lower, Full",Goblet Squat,Heavy Squat,"Barbell, rack",Front-loaded or back-loaded squat.,
Heavy Squat,Loaded Lower Body Strength,Bilateral Squat,7,FALSE,Lower,Front / Back Squat,Pause / Tempo Heavy,"Barbell, rack",Working at high percentages of 1RM.,
Pause / Tempo Heavy,Loaded Lower Body Strength,Bilateral Squat,8,FALSE,Lower,Heavy Squat,,"Barbell, rack",Pause at bottom or controlled tempo.,
Split Squat,Loaded Lower Body Strength,Single-Leg Squat,2,FALSE,"Lower, Full",,Bulgarian Split,None,Stationary lunge.,
Bulgarian Split,Loaded Lower Body Strength,Single-Leg Squat,4,FALSE,"Lower, Full",Split Squat,Pistol Squat,Bench,Rear foot elevated.,
Pistol Squat,Loaded Lower Body Strength,Single-Leg Squat,6,TRUE,"Lower, Full",Bulgarian Split,Shrimp Squat,None,Anchor exercise. Single-leg full-depth squat.,
Shrimp Squat,Loaded Lower Body Strength,Single-Leg Squat,7,FALSE,"Lower, Full",Pistol Squat,Dragon Squat,None,Hold rear foot behind back.,
Dragon Squat,Loaded Lower Body Strength,Single-Leg Squat,9,TRUE,Lower,Shrimp Squat,,None,Anchor exercise. Crossed rear leg pistol variation.,
Side Lunge,Loaded Lower Body Strength,Lateral / Mobility Squat,2,FALSE,"Lower, Full",,Cossack Squat,None,Lateral lunge pattern.,
Cossack Squat,Loaded Lower Body Strength,Lateral / Mobility Squat,4,TRUE,"Lower, Full",Side Lunge,Loaded Cossack,None,"Anchor exercise. Deep lateral squat, one leg straight.",
Loaded Cossack,Loaded Lower Body Strength,Lateral / Mobility Squat,6,FALSE,Lower,Cossack Squat,Deep Loaded Cossack,"Kettlebell, dumbbell",Add load at chest.,
Deep Loaded Cossack,Loaded Lower Body Strength,Lateral / Mobility Squat,7,FALSE,Lower,Loaded Cossack,Cossack-to-Pistol Flow,"Kettlebell, dumbbell",Full depth with load.,
Cossack-to-Pistol Flow,Loaded Lower Body Strength,Lateral / Mobility Squat,9,FALSE,Lower,Deep Loaded Cossack,,None,Flow between cossack and pistol.,
Hip Bridge,Loaded Lower Body Strength,Hip Hinge,1,FALSE,"Lower, Full",,RDL,None,Foundation hip extension.,
RDL,Loaded Lower Body Strength,Hip Hinge,3,FALSE,"Lower, Full",Hip Bridge,Deadlift,"Barbell, dumbbells",Romanian deadlift - hinge pattern.,
Deadlift,Loaded Lower Body Strength,Hip Hinge,5,TRUE,"Lower, Full",RDL,Heavy Deadlift,Barbell,Anchor exercise. Conventional deadlift.,
Heavy Deadlift,Loaded Lower Body Strength,Hip Hinge,7,FALSE,Lower,Deadlift,SL Deadlift (loaded),Barbell,Working at high percentages of 1RM.,
SL Deadlift (loaded),Loaded Lower Body Strength,Hip Hinge,8,FALSE,Lower,Heavy Deadlift,,"Dumbbells, kettlebell",Single-leg deadlift with load.,
Hamstring Curl,Loaded Lower Body Strength,Posterior Chain (knee),2,FALSE,Lower,,Slick Floor Bridge,Machine or sliders,Knee flexion strength.,
Slick Floor Bridge,Loaded Lower Body Strength,Posterior Chain (knee),4,FALSE,Lower,Hamstring Curl,Nordic Negative,Sliders or smooth floor,Bridge with sliding feet.,
Nordic Negative,Loaded Lower Body Strength,Posterior Chain (knee),5,FALSE,Lower,Slick Floor Bridge,Full Nordic Curl,"Partner or pad",Slow lowering only.,
Full Nordic Curl,Loaded Lower Body Strength,Posterior Chain (knee),8,FALSE,Lower,Nordic Negative,Weighted Nordic,"Partner or pad",Full range concentric and eccentric.,
Weighted Nordic,Loaded Lower Body Strength,Posterior Chain (knee),10,FALSE,Lower,Full Nordic Curl,,"Partner or pad, weight",Elite hamstring benchmark.,
Wall Sit,Loaded Lower Body Strength,Anterior Chain (knee),1,FALSE,"Lower, Full",,Sissy Squat (assist),Wall,Isometric quad endurance.,
Sissy Squat (assist),Loaded Lower Body Strength,Anterior Chain (knee),3,FALSE,Lower,Wall Sit,Sissy Squat,"Wall or pole",Hold support while leaning back.,
Sissy Squat,Loaded Lower Body Strength,Anterior Chain (knee),6,FALSE,Lower,Sissy Squat (assist),Loaded Sissy,None,Lean back on toes.,
Loaded Sissy,Loaded Lower Body Strength,Anterior Chain (knee),8,FALSE,Lower,Sissy Squat,Full Sissy (no support),"Dumbbells, plate",Add load at chest.,
Full Sissy (no support),Loaded Lower Body Strength,Anterior Chain (knee),9,FALSE,Lower,Loaded Sissy,,None,Full range no support.,
Pogo Hops,Bounciness & Elastic Power,Vertical Jump,1,FALSE,"Lower, Full",,Tuck Jump,None,Quick reactive hops minimal knee bend.,
Tuck Jump,Bounciness & Elastic Power,Vertical Jump,3,FALSE,"Lower, Full",Pogo Hops,Box Jump,None,Knees to chest at apex.,
Box Jump,Bounciness & Elastic Power,Vertical Jump,4,TRUE,"Lower, Full",Tuck Jump,High Box Jump,Box,Anchor exercise. Land softly in athletic stance.,
High Box Jump,Bounciness & Elastic Power,Vertical Jump,6,FALSE,Lower,Box Jump,Depth Jump → Box,Box,High box requiring full hip extension.,
Depth Jump → Box,Bounciness & Elastic Power,Vertical Jump,8,FALSE,Lower,High Box Jump,,"Two boxes",Drop and rebound onto second box.,
Standing Hop,Bounciness & Elastic Power,Horizontal Jump,1,FALSE,"Lower, Full",,Broad Jump,None,Small horizontal hops.,
Broad Jump,Bounciness & Elastic Power,Horizontal Jump,3,FALSE,"Lower, Full",Standing Hop,Triple Broad Jump,None,Maximum horizontal distance.,
Triple Broad Jump,Bounciness & Elastic Power,Horizontal Jump,5,FALSE,Lower,Broad Jump,Bounding,None,Three consecutive broad jumps.,
Bounding,Bounciness & Elastic Power,Horizontal Jump,6,FALSE,Lower,Triple Broad Jump,Single-Leg Bound,None,Exaggerated running stride.,
Single-Leg Bound,Bounciness & Elastic Power,Horizontal Jump,8,FALSE,Lower,Bounding,,None,Hop on one leg covering distance.,
Front Kick,Bounciness & Elastic Power,Rotational / Kick Power,2,FALSE,"Lower, Full",,Crescent Kick,None,Linear kicking pattern.,
Crescent Kick,Bounciness & Elastic Power,Rotational / Kick Power,4,FALSE,"Lower, Full",Front Kick,Butterfly Kick,None,Sweeping arc kick.,
Butterfly Kick,Bounciness & Elastic Power,Rotational / Kick Power,6,FALSE,"Lower, Full",Crescent Kick,Aerial,None,Hands touch floor leaping kick.,
Aerial,Bounciness & Elastic Power,Rotational / Kick Power,8,FALSE,Full,Butterfly Kick,Macaco / 540 Kick,Mat,No-hands cartwheel/kick.,
Macaco / 540 Kick,Bounciness & Elastic Power,Rotational / Kick Power,9,FALSE,Full,Aerial,,Mat,Capoeira flip-kick or martial 540 kick.,
Handstand Hops,Bounciness & Elastic Power,Hand-Reactive Spring,6,FALSE,Upper,,Back Handspring (spot),Floor,Bouncing in handstand.,
Back Handspring (spot),Bounciness & Elastic Power,Hand-Reactive Spring,7,FALSE,Full,Handstand Hops,Back Handspring,"Mat, spotter",Spotted back handspring.,
Back Handspring,Bounciness & Elastic Power,Hand-Reactive Spring,8,FALSE,Full,Back Handspring (spot),Standing Back Tuck,Mat,Unspotted back handspring.,
Standing Back Tuck,Bounciness & Elastic Power,Hand-Reactive Spring,10,FALSE,Full,Back Handspring,,Mat,Elite tumbling benchmark.,
Supported Squat,Foundational Resting Positions,Squat Position,1,FALSE,"Lower, Full",,Resting Squat,None,Hold something for support.,
Resting Squat,Foundational Resting Positions,Squat Position,3,FALSE,"Lower, Full",Supported Squat,Loaded Resting Squat,None,Deep relaxed squat hold.,
Loaded Resting Squat,Foundational Resting Positions,Squat Position,5,FALSE,Lower,Resting Squat,,Light load,Hold a load while in deep squat.,
Wide Stance,Foundational Resting Positions,Stance Positions,1,FALSE,"Lower, Full",,Horse Stance,None,Feet wide knees slightly bent.,
Horse Stance,Foundational Resting Positions,Stance Positions,3,FALSE,"Lower, Full",Wide Stance,Deep Horse Stance,None,Thighs parallel to floor.,
Deep Horse Stance,Foundational Resting Positions,Stance Positions,5,FALSE,Lower,Horse Stance,Long Horse Hold,None,Below parallel hold.,
Long Horse Hold,Foundational Resting Positions,Stance Positions,7,FALSE,Lower,Deep Horse Stance,,None,5+ minute hold for conditioning.,
Lunge,Foundational Resting Positions,Hip Opening (sagittal),1,FALSE,"Lower, Full",,Half Split,None,Foundation hip flexor opening.,
Half Split,Foundational Resting Positions,Hip Opening (sagittal),3,FALSE,"Lower, Full",Lunge,Front Split (low),None,Knee down rear leg straight.,
Front Split (low),Foundational Resting Positions,Hip Opening (sagittal),5,FALSE,Lower,Half Split,Front Split (flat),"Yoga blocks",Partial range front split.,
Front Split (flat),Foundational Resting Positions,Hip Opening (sagittal),7,FALSE,Lower,Front Split (low),Oversplit,None,Hips touching floor full split.,
Oversplit,Foundational Resting Positions,Hip Opening (sagittal),9,FALSE,Lower,Front Split (flat),,Blocks or elevation,Beyond 180-degree split.,
Wide Squat,Foundational Resting Positions,Hip Opening (frontal),1,FALSE,"Lower, Full",,Pancake (upright),None,Wide stance squat foundation.,
Pancake (upright),Foundational Resting Positions,Hip Opening (frontal),4,FALSE,"Lower, Full",Wide Squat,Middle Split (low),None,Wide-legged forward fold seated.,
Middle Split (low),Foundational Resting Positions,Hip Opening (frontal),6,FALSE,Lower,Pancake (upright),Middle Split (flat),"Yoga blocks",Partial range middle split.,
Middle Split (flat),Foundational Resting Positions,Hip Opening (frontal),8,FALSE,Lower,Middle Split (low),Pancake (chest down),None,Full 180-degree middle split.,
Pancake (chest down),Foundational Resting Positions,Hip Opening (frontal),9,FALSE,Lower,Middle Split (flat),,None,Chest flat on floor in pancake.,
Cobra,Foundational Resting Positions,Spinal Extension,1,FALSE,"Lower, Full",,Bridge (assisted),Mat,Prone spinal extension.,
Bridge (assisted),Foundational Resting Positions,Spinal Extension,3,FALSE,"Lower, Full",Cobra,Back Bridge,"Wall or partner",Hands on wall or partner support.,
Back Bridge,Foundational Resting Positions,Spinal Extension,5,FALSE,"Lower, Full",Bridge (assisted),Closed Bridge,Mat,Full bridge from floor.,
Closed Bridge,Foundational Resting Positions,Spinal Extension,7,FALSE,Lower,Back Bridge,Chest-Stand Bridge,Mat,Hands close to feet.,
Chest-Stand Bridge,Foundational Resting Positions,Spinal Extension,9,FALSE,Lower,Closed Bridge,,Mat,Elbows down forearms flat.,
Cat-Cow,Spinal & Hip Articulation,Spinal Waves,1,FALSE,Full,,Standing Wave,Mat,Foundation spinal articulation.,
Standing Wave,Spinal & Hip Articulation,Spinal Waves,3,FALSE,Full,Cat-Cow,Full Body Wave,None,Vertical spinal wave standing.,
Full Body Wave,Spinal & Hip Articulation,Spinal Waves,5,FALSE,Full,Standing Wave,Wave to Inversion,None,Head-to-toe sequential articulation.,
Wave to Inversion,Spinal & Hip Articulation,Spinal Waves,7,FALSE,Full,Full Body Wave,Improvised Waves,None,Wave into handstand or bridge.,
Improvised Waves,Spinal & Hip Articulation,Spinal Waves,8,FALSE,Full,Wave to Inversion,,None,Free improvisation with wave patterns.,
Bridge,Spinal & Hip Articulation,Bridge Articulation,4,FALSE,Full,,Bridge Walk-Up,Mat,Hold bridge as starting point.,
Bridge Walk-Up,Spinal & Hip Articulation,Bridge Articulation,5,FALSE,Full,Bridge,Bridge Kickover,Wall,Walk hands up wall into bridge.,
Bridge Kickover,Spinal & Hip Articulation,Bridge Articulation,6,FALSE,Full,Bridge Walk-Up,Back Walkover,Mat,Kick over from bridge to stand.,
Back Walkover,Spinal & Hip Articulation,Bridge Articulation,7,FALSE,Full,Bridge Kickover,Tick-Tock,Mat,Continuous backward walkover.,
Tick-Tock,Spinal & Hip Articulation,Bridge Articulation,9,FALSE,Full,Back Walkover,,Mat,Walkover one direction then the other.,
Hip CARs,Spinal & Hip Articulation,Hip Articulation,2,FALSE,"Lower, Full",,90/90 Transition,None,Controlled hip circles.,
90/90 Transition,Spinal & Hip Articulation,Hip Articulation,4,FALSE,"Lower, Full",Hip CARs,Frog to Pike,Mat,Move between 90/90 positions.,
Frog to Pike,Spinal & Hip Articulation,Hip Articulation,5,FALSE,Full,90/90 Transition,Reversao,Mat,Transition frog to pike position.,
Reversao,Spinal & Hip Articulation,Hip Articulation,7,FALSE,Full,Frog to Pike,Free-Flowing Floor,Mat,Capoeira inverted hip articulation.,
Free-Flowing Floor,Spinal & Hip Articulation,Hip Articulation,9,FALSE,Full,Reversao,,Mat,Improvised floor articulation flow.,
Thread the Needle,Spinal & Hip Articulation,Rotational Articulation,2,FALSE,Full,,Skin the Cat,Mat,Quadruped rotational stretch.,
Skin the Cat,Spinal & Hip Articulation,Rotational Articulation,4,FALSE,Upper,Thread the Needle,Meia Lua de Compasso,Rings,Rotate through shoulder extension.,
Meia Lua de Compasso,Spinal & Hip Articulation,Rotational Articulation,6,FALSE,Full,Skin the Cat,Au Sem Mão,None,Capoeira spinning kick.,
Au Sem Mão,Spinal & Hip Articulation,Rotational Articulation,8,FALSE,Full,Meia Lua de Compasso,Improvised Capoeira,Mat,Capoeira no-hands cartwheel.,
Improvised Capoeira,Spinal & Hip Articulation,Rotational Articulation,9,FALSE,Full,Au Sem Mão,,None,Free capoeira flow.,
Forward Roll,Inverted & Rotational Locomotion,Rolls,1,FALSE,Full,,Backward Roll,Mat,Foundation tumbling movement.,
Backward Roll,Inverted & Rotational Locomotion,Rolls,2,FALSE,Full,Forward Roll,Shoulder Roll,Mat,Roll backwards over shoulder.,
Shoulder Roll,Inverted & Rotational Locomotion,Rolls,4,FALSE,Full,Backward Roll,Dive Roll,Mat,Diagonal roll across the shoulder.,
Dive Roll,Inverted & Rotational Locomotion,Rolls,6,FALSE,Full,Shoulder Roll,Aerial Roll,Mat,Dive then roll out.,
Aerial Roll,Inverted & Rotational Locomotion,Rolls,8,FALSE,Full,Dive Roll,,Mat,Roll after airborne phase.,
Cartwheel,Inverted & Rotational Locomotion,Cartwheel Family,3,FALSE,Full,,One-Hand Cartwheel,Mat,Foundation rotational locomotion.,
One-Hand Cartwheel,Inverted & Rotational Locomotion,Cartwheel Family,5,FALSE,Full,Cartwheel,Aerial (no hands),Mat,Cartwheel using only one hand.,
Roundoff,Inverted & Rotational Locomotion,Cartwheel Family,5,FALSE,Full,Cartwheel,Roundoff → BHS,Mat,Cartwheel ending feet together.,
Aerial (no hands),Inverted & Rotational Locomotion,Cartwheel Family,8,FALSE,Full,One-Hand Cartwheel,,Mat,Same as bounciness Aerial.,
Roundoff → BHS,Inverted & Rotational Locomotion,Cartwheel Family,8,FALSE,Full,Roundoff,,Mat,Roundoff connected to back handspring.,
Bridge Kickover,Inverted & Rotational Locomotion,Flips & Handsprings,5,FALSE,Full,,Back Walkover,Mat,Same as articulation pathway.,
Back Walkover,Inverted & Rotational Locomotion,Flips & Handsprings,6,FALSE,Full,Bridge Kickover,Back Handspring,Mat,Continuous backward walkover.,
Front Handspring,Inverted & Rotational Locomotion,Flips & Handsprings,8,FALSE,Full,,Back Tuck,Mat,Forward flipping handspring.,
Back Tuck,Inverted & Rotational Locomotion,Flips & Handsprings,10,FALSE,Full,Front Handspring,,Mat,Standing back tuck.,
Au,Inverted & Rotational Locomotion,Capoeira Inversions,4,FALSE,Full,,Au Batido,Mat,Capoeira cartwheel.,
Au Batido,Inverted & Rotational Locomotion,Capoeira Inversions,6,FALSE,Full,Au,Macaco,Mat,Stalled cartwheel position.,
Macaco,Inverted & Rotational Locomotion,Capoeira Inversions,7,FALSE,Full,Au Batido,Macaco em Pé,Mat,Capoeira back handspring from crouch.,
Macaco em Pé,Inverted & Rotational Locomotion,Capoeira Inversions,9,FALSE,Full,Macaco,,Mat,Standing macaco no crouch start.,
Bear Walk,Ground Locomotion,Quadrupedal Forward,2,FALSE,Full,,Crab Walk,Floor,Forward locomotion on hands and feet.,
Crab Walk,Ground Locomotion,Quadrupedal Forward,3,FALSE,Full,Bear Walk,Lizard Crawl,Floor,Belly up locomotion.,
Lizard Crawl,Ground Locomotion,Quadrupedal Forward,5,TRUE,Full,Crab Walk,Low Lizard,Floor,Anchor exercise. Low contralateral crawl.,
Low Lizard,Ground Locomotion,Quadrupedal Forward,7,FALSE,Full,Lizard Crawl,Long-Distance Lizard,Floor,Very low to ground extreme range.,
Long-Distance Lizard,Ground Locomotion,Quadrupedal Forward,8,FALSE,Full,Low Lizard,,Floor,Conditioning at distance.,
Lateral Bear,Ground Locomotion,Lateral / Multi-directional,2,FALSE,Full,,Monkey Walk,Floor,Sideways bear crawl.,
Monkey Walk,Ground Locomotion,Lateral / Multi-directional,4,FALSE,Full,Lateral Bear,Spider Crawl,Floor,Hop on hands feet between.,
Spider Crawl,Ground Locomotion,Lateral / Multi-directional,5,FALSE,Full,Monkey Walk,Capoeira Negativa,Floor,Wide diagonal crawl.,
Capoeira Negativa,Ground Locomotion,Lateral / Multi-directional,6,FALSE,Full,Spider Crawl,Negativa → Au,Floor,Capoeira ground escape position.,
Negativa → Au,Ground Locomotion,Lateral / Multi-directional,8,FALSE,Full,Capoeira Negativa,,Floor,Flow negativa into au.,
Log Roll,Ground Locomotion,Rolling Locomotion,1,FALSE,Full,,Forward Roll,Mat,Side-to-side body roll.,
Forward Roll,Ground Locomotion,Rolling Locomotion,2,FALSE,Full,Log Roll,Shoulder Roll Travel,Mat,Same as rolls pathway.,
Shoulder Roll Travel,Ground Locomotion,Rolling Locomotion,5,FALSE,Full,Forward Roll,Continuous Rolling Flow,Mat,Continuous shoulder rolling.,
Continuous Rolling Flow,Ground Locomotion,Rolling Locomotion,7,FALSE,Full,Shoulder Roll Travel,,Mat,Improvised rolling movement.,
1-Ball Toss,Hand-Eye Coordination & Object Manipulation,Juggling,1,FALSE,Full,,2-Ball Patterns,Juggling balls,Foundation tossing.,
2-Ball Patterns,Hand-Eye Coordination & Object Manipulation,Juggling,2,FALSE,Full,1-Ball Toss,3-Ball Cascade,Juggling balls,Two-ball columns shower.,
3-Ball Cascade,Hand-Eye Coordination & Object Manipulation,Juggling,4,FALSE,Full,2-Ball Patterns,4-Ball Pattern,Juggling balls,Foundational juggling pattern.,
4-Ball Pattern,Hand-Eye Coordination & Object Manipulation,Juggling,7,FALSE,Full,3-Ball Cascade,5-Ball + Tricks,Juggling balls,Fountain pattern with 4 balls.,
5-Ball + Tricks,Hand-Eye Coordination & Object Manipulation,Juggling,9,FALSE,Full,4-Ball Pattern,,Juggling balls,Advanced juggling.,
Single Stick Holds,Hand-Eye Coordination & Object Manipulation,Object Manipulation,1,FALSE,Full,,Stick Spins (1 hand),Staff or stick,Foundation grip and balance.,
Stick Spins (1 hand),Hand-Eye Coordination & Object Manipulation,Object Manipulation,3,FALSE,Full,Single Stick Holds,Staff Spinning (basic),Staff or stick,Single-handed spinning.,
Staff Spinning (basic),Hand-Eye Coordination & Object Manipulation,Object Manipulation,5,FALSE,Full,Stick Spins (1 hand),Staff Spinning (adv),Staff,Two-handed basic patterns.,
Staff Spinning (adv),Hand-Eye Coordination & Object Manipulation,Object Manipulation,7,FALSE,Full,Staff Spinning (basic),Combined Patterns,Staff,Throws and complex transitions.,
Combined Patterns,Hand-Eye Coordination & Object Manipulation,Object Manipulation,9,FALSE,Full,Staff Spinning (adv),,Staff,Combined staff and body work.,
Wall Ball Bounce,Hand-Eye Coordination & Object Manipulation,Reactive Catching,2,FALSE,Full,,Tennis Ball Wall,Wall ball,Foundation reactive catching.,
Tennis Ball Wall,Hand-Eye Coordination & Object Manipulation,Reactive Catching,3,FALSE,Full,Wall Ball Bounce,Zen Archer Game,Tennis ball,Single-hand wall catch.,
Zen Archer Game,Hand-Eye Coordination & Object Manipulation,Reactive Catching,4,FALSE,Full,Tennis Ball Wall,Two-Ball Reactive,Tennis balls,Partner reactive game.,
Two-Ball Reactive,Hand-Eye Coordination & Object Manipulation,Reactive Catching,6,FALSE,Full,Zen Archer Game,Multi-object Reactive,Tennis balls,Two-ball reactive catching.,
Multi-object Reactive,Hand-Eye Coordination & Object Manipulation,Reactive Catching,8,FALSE,Full,Two-Ball Reactive,,Multiple balls,Multi-object reactive drills.,
Soccer Ball Toe Taps,Hand-Eye Coordination & Object Manipulation,Foot-Eye Cross,2,FALSE,Full,,Soccer Ball Juggle,Soccer ball,Rapid toe taps.,
Soccer Ball Juggle,Hand-Eye Coordination & Object Manipulation,Foot-Eye Cross,4,FALSE,Full,Soccer Ball Toe Taps,Combined Hand-Foot,Soccer ball,Continuous juggling with feet.,
Combined Hand-Foot,Hand-Eye Coordination & Object Manipulation,Foot-Eye Cross,6,FALSE,Full,Soccer Ball Juggle,,Soccer ball or any ball,Mix hands and feet.,
Ginga,"Rhythm, Flow & Expression",Rhythmic Foundations,2,FALSE,Full,,Step Patterns,None,Foundation capoeira rocking step.,
Step Patterns,"Rhythm, Flow & Expression",Rhythmic Foundations,3,FALSE,Full,Ginga,Ginga w/ Kicks,None,Various rhythmic step patterns.,
Ginga w/ Kicks,"Rhythm, Flow & Expression",Rhythmic Foundations,5,FALSE,Full,Step Patterns,Capoeira Sequences,None,Ginga combined with kicks.,
Capoeira Sequences,"Rhythm, Flow & Expression",Rhythmic Foundations,7,FALSE,Full,Ginga w/ Kicks,Improvised Jogo,None,Choreographed capoeira sequences.,
Improvised Jogo,"Rhythm, Flow & Expression",Rhythmic Foundations,9,FALSE,Full,Capoeira Sequences,,None,Free capoeira flow with partner.,
Roll-to-Stand,"Rhythm, Flow & Expression",Floor Flow,2,FALSE,Full,,2–3 Move Links,Mat,Foundation flow transition.,
2–3 Move Links,"Rhythm, Flow & Expression",Floor Flow,4,FALSE,Full,Roll-to-Stand,Acro Flow Sequences,Mat,Link 2-3 movements together.,
Acro Flow Sequences,"Rhythm, Flow & Expression",Floor Flow,6,FALSE,Full,2–3 Move Links,Improvised Flow,Mat,Connected acrobatic sequences.,
Improvised Flow,"Rhythm, Flow & Expression",Floor Flow,8,FALSE,Full,Acro Flow Sequences,Performance Flow,Mat,Free movement improvisation.,
Performance Flow,"Rhythm, Flow & Expression",Floor Flow,10,FALSE,Full,Improvised Flow,,Mat,Performance-level expression.,
Following Music,"Rhythm, Flow & Expression",Dance / Musical Movement,1,FALSE,Full,,Choreographed Phrases,None,Move in time with music.,
Choreographed Phrases,"Rhythm, Flow & Expression",Dance / Musical Movement,3,FALSE,Full,Following Music,Improvised to Music,None,Learn and perform phrases.,
Improvised to Music,"Rhythm, Flow & Expression",Dance / Musical Movement,6,FALSE,Full,Choreographed Phrases,Partnered Improv,None,Free improvisation to music.,
Partnered Improv,"Rhythm, Flow & Expression",Dance / Musical Movement,8,FALSE,Full,Improvised to Music,Performance,None,Improvise with another mover.,
Performance,"Rhythm, Flow & Expression",Dance / Musical Movement,10,FALSE,Full,Partnered Improv,,None,Public performance level.,
