Ground Locomotion	Quadrupedal Forward
Ground Locomotion	Quadrupedal Forward
Ground Locomotion	Quadrupedal Forward
Ground Locomotion	Lateral / Multi-directional
Ground Locomotion	Lateral / Multi-directional
Ground Locomotion	Lateral / Multi-directional
Ground Locomotion	Lateral / Multi-directional
Ground Locomotion	Lateral / Multi-directional
Ground Locomotion	Quadrupedal Forward
Ground Locomotion	Lateral / Multi-directional
Ground Locomotion	Quadrupedal Forward
Ground Locomotion	Quadrupedal Forward
Ground Locomotion	Lateral / Multi-directional
Ground Locomotion	Quadrupedal Forward
Ground Locomotion	Lateral / Multi-directional
Ground Locomotion	Quadrupedal Forward
Ground Locomotion	Lateral / Multi-directional
Ground Locomotion	Quadrupedal Forward
Ground Locomotion	Quadrupedal Forward
Ground Locomotion	Quadrupedal Forward
Ground Locomotion	Quadrupedal Forward
Ground Locomotion	Quadrupedal Forward
Ground Locomotion	Quadrupedal Forward
Ground Locomotion	Quadrupedal Forward
Ground Locomotion	Bipedal Forward
Ground Locomotion	Quadrupedal Forward
Ground Locomotion	Bipedal Forward
Ground Locomotion	Quadrupedal Forward
Ground Locomotion	Quadrupedal Forward
Ground Locomotion	Quadrupedal Forward
Ground Locomotion	Lateral / Multi-directional
Ground Locomotion	Bipedal Forward
Loaded Lower Body Strength	Single-Leg Squat & Lunge
Ground Locomotion	Lateral / Multi-directional
Bounciness & Elastic Power	Horizontal Jump
Bounciness & Elastic Power	Horizontal Jump
Rhythm & Flow	Rhythmic Foundations
Rhythm & Flow	Rhythmic Foundations
Rhythm & Flow	Rhythmic Foundations
Rhythm & Flow	Rhythmic Foundations
Bounciness & Elastic Power	Vertical Jump
Bounciness & Elastic Power	Vertical Jump
	
Ground Locomotion	Rolling Locomotion
Ground Locomotion	Rolling Locomotion
Ground Locomotion	Rolling Locomotion
Ground Locomotion	Rolling Locomotion
Ground Locomotion	Rolling Locomotion
Ground Locomotion	Rolling Locomotion
Ground Locomotion	Rolling Locomotion
Ground Locomotion	Rolling Locomotion
Ground Locomotion	Rolling Locomotion
Ground Locomotion	Rolling Locomotion
	
Inverted & Rotational Locomotion	Cartwheel Family
Inverted & Rotational Locomotion	Cartwheel Family
Inverted & Rotational Locomotion	Cartwheel Family
Inverted & Rotational Locomotion	Cartwheel Family
Inverted & Rotational Locomotion	Cartwheel Family
Inverted & Rotational Locomotion	Cartwheel Family
Inverted & Rotational Locomotion	Cartwheel Family
Inverted & Rotational Locomotion	Cartwheel Family
Inverted & Rotational Locomotion	Cartwheel Family
Inverted & Rotational Locomotion	Cartwheel Family
Inverted & Rotational Locomotion	Cartwheel Family
Rhythm & Flow	Floor Flow
Inverted & Rotational Locomotion	Walkovers
Inverted & Rotational Locomotion	Walkovers
Inverted & Rotational Locomotion	Walkovers
Inverted & Rotational Locomotion	Flips & Handsprings
	
Rhythm & Flow	Floor Flow
Rhythm & Flow	Floor Flow
Rhythm & Flow	Kicks
Rhythm & Flow	Kicks
Rhythm & Flow	Kicks
Rhythm & Flow	Kicks
Rhythm & Flow	Kicks
Rhythm & Flow	Kicks
Rhythm & Flow	Kicks
Rhythm & Flow	Kicks
Rhythm & Flow	Kicks
Inverted & Rotational Locomotion	Flips & Handsprings
Rhythm & Flow	Kicks
	
Rhythm & Flow	Acrobatics
Rhythm & Flow	Acrobatics
Rhythm & Flow	Acrobatics
Rhythm & Flow	Acrobatics
Rhythm & Flow	Acrobatics
Rhythm & Flow	Acrobatics
Rhythm & Flow	Acrobatics
Rhythm & Flow	Acrobatics
Rhythm & Flow	Acrobatics
	
Rhythm & Flow	Floor Flow
Rhythm & Flow	Floor Flow
Rhythm & Flow	Floor Flow
Rhythm & Flow	Floor Flow
Rhythm & Flow	Floor Flow
Rhythm & Flow	Floor Flow
Rhythm & Flow	Floor Flow
Rhythm & Flow	Floor Flow
	
Hand Balancing & Inversion	Bent-Arm Balances
Hand Balancing & Inversion	Bent-Arm Balances
Hand Balancing & Inversion	Bent-Arm Balances
Hand Balancing & Inversion	Bent-Arm Balances
Hand Balancing & Inversion	Bent-Arm Balances
Spinal Mobility	Spinal Extension & Bridging
Spinal Mobility	Spinal Extension & Bridging
Hand Balancing & Inversion	Bent-Arm Balances
Hand Balancing & Inversion	Bent-Arm Balances
Hand Balancing & Inversion	Bent-Arm Balances
Hand Balancing & Inversion	Bent-Arm Balances
	
Hand Balancing & Inversion	Static Inversion
Hand Balancing & Inversion	Static Inversion
Hand Balancing & Inversion	Static Inversion
Hand Balancing & Inversion	Static Inversion
Hand Balancing & Inversion	Static Inversion
Hand Balancing & Inversion	Static Inversion
Hand Balancing & Inversion	Shaped Handstands
Hand Balancing & Inversion	Shaped Handstands
Hand Balancing & Inversion	Shaped Handstands
Hand Balancing & Inversion	Shaped Handstands
Hand Balancing & Inversion	Shaped Handstands
Hand Balancing & Inversion	Shaped Handstands
Hand Balancing & Inversion	Static Inversion
Hand Balancing & Inversion	Shaped Handstands
Hand Balancing & Inversion	Static Inversion
Hand Balancing & Inversion	Static Inversion
Hand Balancing & Inversion	Static Inversion
Hand Balancing & Inversion	Shaped Handstands
Hand Balancing & Inversion	Shaped Handstands
Hand Balancing & Inversion	Shaped Handstands
Pressing Strength	Vertical Press
Pressing Strength	Vertical Press
	
Hanging & Pulling	Horizontal Pull
Hanging & Pulling	Horizontal Pull
Hanging & Pulling	Horizontal Pull
Hanging & Pulling	Horizontal Pull
Hanging & Pulling	Vertical Pull
Hanging & Pulling	Vertical Pull
Hanging & Pulling	Vertical Pull
Hanging & Pulling	Vertical Pull
Hanging & Pulling	Vertical Pull
Hanging & Pulling	Vertical Pull
Hanging & Pulling	Vertical Pull
Hanging & Pulling	Vertical Pull
Hanging & Pulling	Vertical Pull
Hanging & Pulling	Vertical Pull
Hanging & Pulling	Vertical Pull
Hanging & Pulling	Vertical Pull
Pressing Strength	Arms & Accessory
Pressing Strength	Arms & Accessory
Pressing Strength	Arms & Accessory
Pressing Strength	Arms & Accessory
Hanging & Pulling	Horizontal Pull
Hanging & Pulling	Horizontal Pull
Pressing Strength	Arms & Accessory
Hanging & Pulling	Horizontal Pull
Hanging & Pulling	Vertical Pull
	
Hanging & Pulling	Passive / Active Hang
Hanging & Pulling	Passive / Active Hang
Hanging & Pulling	Passive / Active Hang
Hanging & Pulling	Passive / Active Hang
Hanging & Pulling	Passive / Active Hang
Hanging & Pulling	Passive / Active Hang
Hanging & Pulling	Passive / Active Hang
Hanging & Pulling	Passive / Active Hang
Hanging & Pulling	Passive / Active Hang
Hanging & Pulling	Passive / Active Hang
Hanging & Pulling	Passive / Active Hang
Hanging & Pulling	Passive / Active Hang
Hanging & Pulling	Passive / Active Hang
Hanging & Pulling	Passive / Active Hang
Hanging & Pulling	Swinging & Brachiation
Hanging & Pulling	Swinging & Brachiation
Hanging & Pulling	Swinging & Brachiation
Hanging & Pulling	Swinging & Brachiation
Hanging & Pulling	Pull-to-Press Transition
Hanging & Pulling	Swinging & Brachiation
Hanging & Pulling	Swinging & Brachiation
Hanging & Pulling	Pull-to-Press Transition
	
Straight Arm Strength	Front Lever Line
Straight Arm Strength	Front Lever Line
Straight Arm Strength	Front Lever Line
Straight Arm Strength	Front Lever Line
Straight Arm Strength	Front Lever Line
Straight Arm Strength	Front Lever Line
Straight Arm Strength	Front Lever Line
Straight Arm Strength	Front Lever Line
	
Straight Arm Strength	Straight Arm Rotation
Straight Arm Strength	Straight Arm Rotation
Straight Arm Strength	Straight Arm Rotation
Straight Arm Strength	Straight Arm Rotation
Straight Arm Strength	Back Lever Line
Straight Arm Strength	Back Lever Line
Straight Arm Strength	Back Lever Line
Straight Arm Strength	Back Lever Line
Straight Arm Strength	Back Lever Line
	
Straight Arm Strength	Side Lever Line
Straight Arm Strength	Side Lever Line
Straight Arm Strength	Side Lever Line
Straight Arm Strength	Side Lever Line
Straight Arm Strength	Side Lever Line
Straight Arm Strength	Side Lever Line
Straight Arm Strength	Side Lever Line
Straight Arm Strength	Side Lever Line
	
Hanging & Pulling	Passive / Active Hang
Core & Midline	Hanging Core & Compression
Core & Midline	Hanging Core & Compression
Core & Midline	Hanging Core & Compression
Core & Midline	Hanging Core & Compression
Core & Midline	Hanging Core & Compression
Core & Midline	Hanging Core & Compression
	
Core & Midline	Hanging Core & Compression
Core & Midline	Hanging Core & Compression
Core & Midline	Hanging Core & Compression
Core & Midline	Hanging Core & Compression
Core & Midline	Hanging Core & Compression
Core & Midline	Hanging Core & Compression
Core & Midline	Hanging Core & Compression
Core & Midline	Hanging Core & Compression
Hanging & Pulling	Pull-to-Press Transition
Hanging & Pulling	Pull-to-Press Transition
Straight Arm Strength	Straight Arm Rotation
Straight Arm Strength	Straight Arm Rotation
Straight Arm Strength	Straight Arm Rotation
Hanging & Pulling	Pull-to-Press Transition
	
Pressing Strength	Dip Press
Straight Arm Strength	Straight Arm Rotation
Straight Arm Strength	Straight Arm Rotation
Hanging & Pulling	Pull-to-Press Transition
Hanging & Pulling	Pull-to-Press Transition
Hanging & Pulling	Pull-to-Press Transition
Hanging & Pulling	Pull-to-Press Transition
	
Pressing Strength	Horizontal Press
Pressing Strength	Horizontal Press
Pressing Strength	Horizontal Press
Pressing Strength	Horizontal Press
Pressing Strength	Horizontal Press
Pressing Strength	Horizontal Press
Pressing Strength	Horizontal Press
Pressing Strength	Horizontal Press
Pressing Strength	Horizontal Press
Pressing Strength	Horizontal Press
Pressing Strength	Horizontal Press
Pressing Strength	Horizontal Press
Pressing Strength	Horizontal Press
Pressing Strength	Vertical Press
Pressing Strength	Vertical Press
Pressing Strength	Vertical Press
Pressing Strength	Vertical Press
Pressing Strength	Vertical Press
Pressing Strength	Vertical Press
Pressing Strength	Bent-Arm to Straight-Arm Press
Spinal Mobility	Spinal Extension & Bridging
Pressing Strength	Arms & Accessory
Pressing Strength	Dip Press
Pressing Strength	Dip Press
Pressing Strength	Dip Press
Pressing Strength	Dip Press
Pressing Strength	Dip Press
Pressing Strength	Vertical Press
Pressing Strength	Vertical Press
Loaded Lower Body Strength	Bilateral Squat
Pressing Strength	Vertical Press
Pressing Strength	Bent-Arm to Straight-Arm Press
Pressing Strength	Bent-Arm to Straight-Arm Press
Pressing Strength	Bent-Arm to Straight-Arm Press
Pressing Strength	Bent-Arm to Straight-Arm Press
Spinal Mobility	Spinal Extension & Bridging
	
Object Play	Juggling
Object Play	Juggling
Object Play	Juggling
Object Play	Juggling
Object Play	Juggling
Object Play	Juggling
Object Play	Juggling
Object Play	Juggling
Object Play	Juggling
Object Play	Juggling
Object Play	Juggling
Object Play	Juggling
Object Play	Juggling
Object Play	Juggling
Object Play	Juggling
Object Play	Juggling
Object Play	Juggling
Object Play	Juggling
Object Play	Juggling
	
Object Play	Staff
Object Play	Staff
Object Play	Staff
Object Play	Staff
Object Play	Staff
Object Play	Staff
Object Play	Staff
Object Play	Staff
Object Play	Staff
Object Play	Staff
	
Shoulder & Thoracic Mobility	Shoulder Rotation
Shoulder & Thoracic Mobility	Scapular Control
Shoulder & Thoracic Mobility	Scapular Control
Shoulder & Thoracic Mobility	Scapular Control
Shoulder & Thoracic Mobility	Scapular Control
Shoulder & Thoracic Mobility	Shoulder Rotation
Shoulder & Thoracic Mobility	Scapular Control
Shoulder & Thoracic Mobility	Scapular Control
Shoulder & Thoracic Mobility	Shoulder Rotation
Shoulder & Thoracic Mobility	Shoulder Rotation
Shoulder & Thoracic Mobility	Shoulder Rotation
Shoulder & Thoracic Mobility	Chest & Thoracic Opening
Shoulder & Thoracic Mobility	Scapular Control
Shoulder & Thoracic Mobility	Scapular Control
Shoulder & Thoracic Mobility	Scapular Control
Shoulder & Thoracic Mobility	Scapular Control
Shoulder & Thoracic Mobility	Scapular Control
Pressing Strength	Arms & Accessory
Pressing Strength	Arms & Accessory
	
Hip & Leg Mobility	Front Split Line
Hip & Leg Mobility	Front Split Line
Loaded Lower Body Strength	Hip Hinge
Loaded Lower Body Strength	Hip Hinge
Loaded Lower Body Strength	Hip Hinge
Hip & Leg Mobility	Front Split Line
Hip & Leg Mobility	Middle Split Line
	
Loaded Lower Body Strength	Hip Hinge
Loaded Lower Body Strength	Hip Hinge
Loaded Lower Body Strength	Hip Hinge
Loaded Lower Body Strength	Hip Hinge
Hip & Leg Mobility	Front Split Line
Hip & Leg Mobility	Front Split Line
Hip & Leg Mobility	Front Split Line
Hip & Leg Mobility	Front Split Line
Hip & Leg Mobility	Middle Split Line
Loaded Lower Body Strength	Hip Hinge
	
Hip & Leg Mobility	Front Split Line
Hip & Leg Mobility	Front Split Line
Hip & Leg Mobility	Front Split Line
Hip & Leg Mobility	Front Split Line
Hip & Leg Mobility	Front Split Line
Hip & Leg Mobility	Front Split Line
Hip & Leg Mobility	Front Split Line
Loaded Lower Body Strength	Single-Leg Squat & Lunge
Hip & Leg Mobility	Front Split Line
Hip & Leg Mobility	Front Split Line
Hip & Leg Mobility	Front Split Line
Hip & Leg Mobility	Front Split Line
Hip & Leg Mobility	Front Split Line
Hip & Leg Mobility	Front Split Line
Hip & Leg Mobility	Front Split Line
Hip & Leg Mobility	Front Split Line
Hip & Leg Mobility	Middle Split Line
	
Hip & Leg Mobility	Middle Split Line
Hip & Leg Mobility	Middle Split Line
Hip & Leg Mobility	Middle Split Line
Hip & Leg Mobility	Middle Split Line
Hip & Leg Mobility	Hip Rotation
Hip & Leg Mobility	Hip Rotation
Hip & Leg Mobility	Hip Rotation
Hip & Leg Mobility	Front Split Line
Hip & Leg Mobility	Stance Positions
Loaded Lower Body Strength	Lateral / Mobility Squat
Hip & Leg Mobility	Middle Split Line
Hip & Leg Mobility	Middle Split Line
Hip & Leg Mobility	Middle Split Line
Hip & Leg Mobility	Middle Split Line
Hip & Leg Mobility	Middle Split Line
Hip & Leg Mobility	Middle Split Line
Hip & Leg Mobility	Middle Split Line
Hip & Leg Mobility	Middle Split Line
Hip & Leg Mobility	Middle Split Line
Hip & Leg Mobility	Middle Split Line
Hip & Leg Mobility	Middle Split Line
Hip & Leg Mobility	Middle Split Line
	
Shoulder & Thoracic Mobility	Chest & Thoracic Opening
Shoulder & Thoracic Mobility	Chest & Thoracic Opening
Shoulder & Thoracic Mobility	Chest & Thoracic Opening
Shoulder & Thoracic Mobility	Chest & Thoracic Opening
Shoulder & Thoracic Mobility	Chest & Thoracic Opening
Shoulder & Thoracic Mobility	Scapular Control
Shoulder & Thoracic Mobility	Shoulder Rotation
Shoulder & Thoracic Mobility	Shoulder Rotation
Shoulder & Thoracic Mobility	Chest & Thoracic Opening
Shoulder & Thoracic Mobility	Chest & Thoracic Opening
Shoulder & Thoracic Mobility	Chest & Thoracic Opening
Shoulder & Thoracic Mobility	Lat & Side Body
Shoulder & Thoracic Mobility	Lat & Side Body
Shoulder & Thoracic Mobility	Lat & Side Body
	
Spinal Mobility	Spinal Extension & Bridging
Spinal Mobility	Spinal Extension & Bridging
Spinal Mobility	Spinal Extension & Bridging
Spinal Mobility	Spinal Extension & Bridging
Spinal Mobility	Spinal Extension & Bridging
Spinal Mobility	Spinal Extension & Bridging
	
Straight Arm Strength	Planche Line
	
Loaded Lower Body Strength	Hip Hinge
Loaded Lower Body Strength	Hip Hinge
Loaded Lower Body Strength	Hip Hinge
Loaded Lower Body Strength	Bilateral Squat
Core & Midline	Rotational & Loaded Core
Core & Midline	Rotational & Loaded Core
Core & Midline	Rotational & Loaded Core
Core & Midline	Rotational & Loaded Core
Loaded Lower Body Strength	Single-Leg Squat & Lunge
	
Loaded Lower Body Strength	Single-Leg Squat & Lunge
Loaded Lower Body Strength	Lateral / Mobility Squat
Loaded Lower Body Strength	Anterior Chain (knee)
Loaded Lower Body Strength	Single-Leg Squat & Lunge
	
Bounciness & Elastic Power	Vertical Jump
Bounciness & Elastic Power	Vertical Jump
Bounciness & Elastic Power	Horizontal Jump
	
Hand Balancing & Inversion	Press Entries
Hand Balancing & Inversion	Press Entries
Hand Balancing & Inversion	Press Entries
Hand Balancing & Inversion	Press Entries
Hand Balancing & Inversion	Press Entries
Hand Balancing & Inversion	Press Entries
Hand Balancing & Inversion	Press Entries
Hand Balancing & Inversion	Press Entries
Hand Balancing & Inversion	Press Entries
Hand Balancing & Inversion	Press Entries
Hand Balancing & Inversion	Press Entries
Hand Balancing & Inversion	Press Entries
Hand Balancing & Inversion	Press Entries
Hand Balancing & Inversion	Press Entries
	
Object Play	Staff
Object Play	Staff
Object Play	Staff
Object Play	Staff
Object Play	Staff
Object Play	Staff
Object Play	Staff
Object Play	Staff
Object Play	Staff
Hand Balancing & Inversion	Static Inversion
Object Play	Staff
Hip & Leg Mobility	Stance Positions
Partner & Connection	Team Work & Connection
Partner & Connection	Team Work & Connection
Partner & Connection	Team Work & Connection
Partner & Connection	Team Work & Connection
Partner & Connection	Team Work & Connection
Partner & Connection	Team Work & Connection
Ground Locomotion	Quadrupedal Forward
Partner & Connection	Team Work & Connection
Partner & Connection	Team Work & Connection
Object Play	Ball Skills
Object Play	Ball Skills
Object Play	Ball Skills
Object Play	Juggling
Object Play	Ball Skills
Object Play	Ball Skills
Object Play	Ball Skills
Object Play	Ball Skills
Object Play	Ball Skills
Object Play	Ball Skills
Object Play	Ball Skills
Rhythm & Flow	Dance / Musical Movement
Ground Locomotion	Quadrupedal Forward
Ground Locomotion	Rolling Locomotion
Rhythm & Flow	Dance / Musical Movement
Partner & Connection	Floor & Flow Games
Partner & Connection	Floor & Flow Games
Rhythm & Flow	Dance / Musical Movement
Partner & Connection	Floor & Flow Games
Spinal Mobility	Spinal Waves
Partner & Connection	Rough Housing
Partner & Connection	Rough Housing
Partner & Connection	Rough Housing
Partner & Connection	Rough Housing
Partner & Connection	Rough Housing
Partner & Connection	Rough Housing
Partner & Connection	Rough Housing
Partner & Connection	Rough Housing
Hip & Leg Mobility	Squat Position
Partner & Connection	Rough Housing